{"model_type": "xgboost", "opt_type": 0, "learner": {"attributes": {}, "feature_names": [], "feature_types": [], "gradient_booster": {"model": {"gbtree_model_param": {"num_parallel_tree": "1", "num_trees": "5"}, "iteration_indptr": [0, 1, 2, 3, 4, 5], "tree_info": [0, 0, 0, 0, 0], "trees": [{"base_weights": [2.1551962e-06, -35.52351, 51.44785, -52.829765, 10.741674, 37.05116, 112.99444, -71.40181, -43.39292, -15.884881, 26.283365, 21.806906, 74.52042, 39.07488, 64.01196, -17.085758, -26.160921, -2.1759024, -14.820727, -12.119057, 2.372451, -8.634135, 10.735943, -8.246329, 8.596418, -6.7657223, 25.392618, -3.8604815, 22.56916], "categories": [], "categories_nodes": [], "categories_segments": [], "categories_sizes": [], "default_left": [0, 0, 0, 0, 0, 0, 0, 0, 0, 0, 0, 0, 0, 0, 0, 0, 0, 0, 0, 0, 0, 0, 0, 0, 0, 0, 0, 0, 0], "id": 0, "left_children": [1, 3, 5, 7, 9, 11, 13, 15, 17, 19, 21, 23, 25, -1, 27, -1, -1, -1, -1, -1, -1, -1, -1, -1, -1, -1, -1, -1, -1], "loss_changes": [648800.9, 168709.69, 124293.125, 23716.688, 24419.168, 66346.64, 14482.875, 6449.4062, 22228.703, 13150.189, 20391.217, 29817.914, 35315.11, 0.0, 8730.457, 0.0, 0.0, 0.0, 0.0, 0.0, 0.0, 0.0, 0.0, 0.0, 0.0, 0.0, 0.0, 0.0, 0.0], "parents": [2147483647, 0, 0, 1, 1, 2, 2, 3, 3, 4, 4, 5, 5, 6, 6, 7, 7, 8, 8, 9, 9, 10, 10, 11, 11, 12, 12, 14, 14], "right_children": [2, 4, 6, 8, 10, 12, 14, 16, 18, 20, 22, 24, 26, -1, 28, -1, -1, -1, -1, -1, -1, -1, -1, -1, -1, -1, -1, -1, -1], "split_conditions": [0.0056499788, 0.0062067355, 0.07355214, -0.042570855, -0.023450946, 0.036201265, 0.022485405, -0.038719688, -0.051103264, 0.02472964, -0.04354178, -0.03980883, -0.00061173533, 39.07488, 0.016318427, -17.085758, -26.160921, -2.1759024, -14.820727, -12.119057, 2.372451, -8.634135, 10.735943, -8.246329, 8.596418, -6.7657223, 25.392618, -3.8604815, 22.56916], "split_indices": [2, 8, 2, 8, 2, 9, 5, 4, 4, 8, 3, 8, 8, 0, 4, 0, 0, 0, 0, 0, 0, 0, 0, 0, 0, 0, 0, 0, 0], "split_type": [0, 0, 0, 0, 0, 0, 0, 0, 0, 0, 0, 0, 0, 0, 0, 0, 0, 0, 0, 0, 0, 0, 0, 0, 0, 0, 0, 0, 0], "sum_hessian": [353.0, 209.0, 144.0, 152.0, 57.0, 118.0, 26.0, 49.0, 103.0, 21.0, 36.0, 85.0, 33.0, 18.0, 8.0, 28.0, 21.0, 15.0, 88.0, 10.0, 11.0, 5.0, 31.0, 10.0, 75.0, 3.0, 30.0, 1.0, 7.0], "tree_param": {"num_deleted": "0", "num_feature": "10", "num_nodes": "29", "size_leaf_vector": "1"}}, {"base_weights": [0.025062647, -23.833742, 39.374096, -40.20375, 4.4057093, 15.185327, 60.623493, -42.027573, 32.313137, -0.012582045, 21.734974, 6.489178, 67.60744, -28.32835, 64.96443, -12.871019, 11.562628, 20.516838, -11.387373, 1.7159556, -11.869535, 10.849753, -4.133122, 0.18182525, 25.99923, 1.9000558, -12.598044, 5.8501005, 21.470737], "categories": [], "categories_nodes": [], "categories_segments": [], "categories_sizes": [], "default_left": [0, 0, 0, 0, 0, 0, 0, 0, 0, 0, 0, 0, 0, 0, 0, 0, 0, 0, 0, 0, 0, 0, 0, 0, 0, 0, 0, 0, 0], "id": 1, "left_children": [1, 3, 5, 7, 9, 11, 13, 15, 17, 19, -1, 21, 23, 25, 27, -1, -1, -1, -1, -1, -1, -1, -1, -1, -1, -1, -1, -1, -1], "loss_changes": [333281.03, 102341.016, 67954.984, 19874.172, 24653.318, 28736.994, 29255.875, 11320.9375, 12736.404, 17911.428, 0.0, 34178.61, 11438.867, 2160.6023, 19023.156, 0.0, 0.0, 0.0, 0.0, 0.0, 0.0, 0.0, 0.0, 0.0, 0.0, 0.0, 0.0, 0.0, 0.0], "parents": [2147483647, 0, 0, 1, 1, 2, 2, 3, 3, 4, 4, 5, 5, 6, 6, 7, 7, 8, 8, 9, 9, 11, 11, 12, 12, 13, 13, 14, 14], "right_children": [2, 4, 6, 8, 10, 12, 14, 16, 18, 20, -1, 22, 24, 26, 28, -1, -1, -1, -1, -1, -1, -1, -1, -1, -1, -1, -1, -1, -1], "split_conditions": [0.009961227, -0.0023983933, 0.017293394, 0.07947843, 0.1081111, 0.07247433, -0.033245593, 0.10794366, -0.00405033, 0.0754844, 21.734974, 0.030439656, -0.052737556, -0.020044709, 0.018583724, -12.871019, 11.562628, 20.516838, -11.387373, 1.7159556, -11.869535, 10.849753, -4.133122, 0.18182525, 25.99923, 1.9000558, -12.598044, 5.8501005, 21.470737], "split_indices": [2, 8, 3, 5, 7, 2, 8, 3, 2, 4, 0, 2, 0, 0, 2, 0, 0, 0, 0, 0, 0, 0, 0, 0, 0, 0, 0, 0, 0], "split_type": [0, 0, 0, 0, 0, 0, 0, 0, 0, 0, 0, 0, 0, 0, 0, 0, 0, 0, 0, 0, 0, 0, 0, 0, 0, 0, 0, 0, 0], "sum_hessian": [353.0, 220.0, 133.0, 139.0, 81.0, 63.0, 70.0, 136.0, 3.0, 77.0, 4.0, 55.0, 8.0, 3.0, 67.0, 135.0, 1.0, 2.0, 1.0, 68.0, 9.0, 22.0, 33.0, 2.0, 6.0, 1.0, 2.0, 9.0, 58.0], "tree_param": {"num_deleted": "0", "num_feature": "10", "num_nodes": "29", "size_leaf_vector": "1"}}, {"base_weights": [0.21224149, -16.143633, 29.93671, -25.926775, 10.625906, 19.934341, 67.640656, -16.981256, -39.15836, -23.442598, 22.985443, 7.193382, 38.4042, 69.69028, 2.4600153, -10.589609, -2.1910322, -9.557634, -16.089249, 5.418285, -14.316841, -4.6479473, 9.086736, 5.509768, -7.6131516, 19.076973, 7.331931, 4.6762576, 21.388525], "categories": [], "categories_nodes": [], "categories_segments": [], "categories_sizes": [], "default_left": [0, 0, 0, 0, 0, 0, 0, 0, 0, 0, 0, 0, 0, 0, 0, 0, 0, 0, 0, 0, 0, 0, 0, 0, 0, 0, 0, 0, 0], "id": 2, "left_children": [1, 3, 5, 7, 9, 11, 13, 15, 17, 19, 21, 23, 25, 27, -1, -1, -1, -1, -1, -1, -1, -1, -1, -1, -1, -1, -1, -1, -1], "loss_changes": [172587.36, 60248.355, 46169.85, 19220.086, 26645.236, 23491.441, 2596.1406, 17824.023, 5369.4688, 17993.066, 13396.891, 22663.658, 12865.742, 1059.2969, 0.0, 0.0, 0.0, 0.0, 0.0, 0.0, 0.0, 0.0, 0.0, 0.0, 0.0, 0.0, 0.0, 0.0, 0.0], "parents": [2147483647, 0, 0, 1, 1, 2, 2, 3, 3, 4, 4, 5, 5, 6, 6, 7, 7, 8, 8, 9, 9, 10, 10, 11, 11, 12, 12, 13, 13], "right_children": [2, 4, 6, 8, 10, 12, 14, 16, 18, 20, 22, 24, 26, 28, -1, -1, -1, -1, -1, -1, -1, -1, -1, -1, -1, -1, -1, -1, -1], "split_conditions": [0.017036071, 0.0056499788, 0.0631866, 0.022868635, -0.03207709, 0.03205916, 0.12639466, -0.030072445, 0.05068012, 0.03151747, -0.03980883, 0.05066877, -0.043400846, -0.048240624, 2.4600153, -10.589609, -2.1910322, -9.557634, -16.089249, 5.418285, -14.316841, -4.6479473, 9.086736, 5.509768, -7.6131516, 19.076973, 7.331931, 4.6762576, 21.388525], "split_indices": [8, 2, 3, 6, 3, 9, 4, 9, 1, 2, 8, 5, 6, 2, 0, 0, 0, 0, 0, 0, 0, 0, 0, 0, 0, 0, 0, 0, 0], "split_type": [0, 0, 0, 0, 0, 0, 0, 0, 0, 0, 0, 0, 0, 0, 0, 0, 0, 0, 0, 0, 0, 0, 0, 0, 0, 0, 0, 0, 0], "sum_hessian": [353.0, 228.0, 125.0, 167.0, 61.0, 100.0, 25.0, 101.0, 66.0, 16.0, 45.0, 60.0, 40.0, 24.0, 1.0, 34.0, 67.0, 46.0, 20.0, 6.0, 10.0, 7.0, 38.0, 45.0, 15.0, 13.0, 27.0, 1.0, 23.0], "tree_param": {"num_deleted": "0", "num_feature": "10", "num_nodes": "29", "size_leaf_vector": "1"}}, {"base_weights": [0.17665723, -10.931639, 22.77151, -18.509623, 9.097497, 13.860968, 42.435204, -24.231, -1.1848778, 2.6271307, 49.784576, 3.3858438, 31.904987, 51.7459, 19.50165, -7.553565, 14.700387, -5.8668294, 4.067848, 6.837156, -2.8298743, 21.215294, 8.259532, -5.5836806, 4.0204725, 16.531374, 6.734518, -0.49986422, 16.938864, -7.1872425, 10.99499], "categories": [], "categories_nodes": [], "categories_segments": [], "categories_sizes": [], "default_left": [0, 0, 0, 0, 0, 0, 0, 0, 0, 0, 0, 0, 0, 0, 0, 0, 0, 0, 0, 0, 0, 0, 0, 0, 0, 0, 0, 0, 0, 0, 0], "id": 3, "left_children": [1, 3, 5, 7, 9, 11, 13, 15, 17, 19, 21, 23, 25, 27, 29, -1, -1, -1, -1, -1, -1, -1, -1, -1, -1, -1, -1, -1, -1, -1, -1], "loss_changes": [89099.5, 36292.14, 19911.867, 17119.297, 17244.39, 15391.068, 6677.8516, 10254.617, 12183.543, 14318.919, 2245.3926, 11926.774, 5344.664, 6392.672, 9821.05, 0.0, 0.0, 0.0, 0.0, 0.0, 0.0, 0.0, 0.0, 0.0, 0.0, 0.0, 0.0, 0.0, 0.0, 0.0, 0.0], "parents": [2147483647, 0, 0, 1, 1, 2, 2, 3, 3, 4, 4, 5, 5, 6, 6, 7, 7, 8, 8, 9, 9, 10, 10, 11, 11, 12, 12, 13, 13, 14, 14], "right_children": [2, 4, 6, 8, 10, 12, 14, 16, 18, 20, 22, 24, 26, 28, 30, -1, -1, -1, -1, -1, -1, -1, -1, -1, -1, -1, -1, -1, -1, -1, -1],